"eid","ename","age","salary"
128,"Jones",59,417383.733903989
748,"Montana",44,428389.043547213
10,"Farve",34,275641.219224781
131,"Manning",75,460902.697406709
838,"Wilson",23,745045.118266717
133,"Elway",65,691936.671733856
17,"Flacco",43,706658.690236509
212,"Cutler",48,652208.235580474
822,"Rodgers",36,355066.386051476
870,"Manning",66,723142.752889544
