"eid","ename","age","salary"
624,"Jones",73,790408.29394944
275,"Montana",41,384946.630802006
626,"Farve",49,194452.584255487
375,"Manning",69,287559.448974207
310,"Wilson",32,463686.972623691
586,"Elway",20,459468.35889481
921,"Flacco",33,751950.532197952
326,"Cutler",31,380812.938557938
978,"Rodgers",34,478004.257660359
442,"Manning",53,842725.209658965
